NYC Traffic Collisions Dashboard,,,,,,,,,,,,
"Analysis of trends, peak hours, and dangerous factors (2021–2023)",,,,,,,,,,,,
,,,,,,,,,,,,
,,,,,,,,,,,,
,,,,,,,,,,,,
,,,,,,,,,,,,
,"238,421",,," 87,562 ",,37%,,,,,,
,TOTAL COLLISIONS,,,DANGEROUS COLLISIONS,,% DANGEROUS COLLISIONS,,,,,,
,,,,,,,,,,,,
,,,,,Peak Collision Hours (Weekday vs Hour),,,,,,,
,,,,,Highest collision intensity: Weekday evenings (4–7 PM),,,,,,,
,,,,,Count of Collision ID,Hours,,,,,,
,,,,,Weekdays,Monday,Tuesday,Wednesday,Thursday,Friday,Saturday,Sunday
,,,,,0,"1,495","1,236","1,231","1,346","1,532","1,883","2,035"
,,,,,1,753,483,533,603,717,"1,270","1,377"
,,,,,2,573,369,433,433,594,"1,118","1,171"
,,,,,3,465,347,358,387,511,"1,115","1,127"
,,,,,4,563,305,364,425,534,"1,097","1,279"
,,,,,5,700,543,532,556,580,869,901
,,,,,6,999,957,"1,022",943,993,775,783
,,,,,7,"1,397","1,341","1,376","1,325","1,324",779,668
,,,,,8,"1,949","2,154","2,019","2,045","1,957","1,072",850
,,,,,9,"1,706","1,803","1,690","1,736","1,710","1,111",926
,,,,,10,"1,572","1,620","1,628","1,676","1,588","1,357","1,057"
,,,,,11,"1,614","1,661","1,668","1,703","1,741","1,452","1,245"
,,,,,12,"1,645","1,768","1,765","1,762","1,982","1,625","1,363"
,,,,,13,"1,690","1,850","1,802","1,778","1,923","1,637","1,430"
,,,,,14,"2,004","2,040","2,143","2,124","2,164","1,789","1,659"
,,,,,15,"2,094","2,253","2,253","2,215","2,386","1,768","1,608"
,,,,,16,"2,150","2,253","2,379","2,314","2,447","1,839","1,683"
,,,,,17,"2,130","2,277","2,261","2,341","2,463","1,815","1,651"
,,,,,18,"1,875","2,061","2,039","2,101","2,216","1,782","1,599"
,,,,,19,"1,551","1,664","1,701","1,756","1,893","1,620","1,507"
,,,,,20,"1,301","1,344","1,421","1,487","1,625","1,704","1,412"
,,,,,21,"1,177","1,183","1,227","1,270","1,571","1,523","1,395"
,,,,,22,"1,015","1,145","1,191","1,221","1,534","1,502","1,296"
,,,,,23,915,999,"1,017","1,098","1,511","1,535","1,179"
